{
  "project_info": {
    "project_number": "226701179860",
    "firebase_url": "https://mythical-geode-603.firebaseio.com",
    "project_id": "mythical-geode-603",
    "storage_bucket": "mythical-geode-603.appspot.com"
  },
  "client": [
    {
      "client_info": {
        "mobilesdk_app_id": "1:226701179860:android:72e0b884f45628b8",
        "android_client_info": {
          "package_name": "com.cray.software.justreminder"
        }
      },
      "oauth_client": [
        {
          "client_id": "226701179860-840s1n27u3e34a25kvs5842ll141v7ir.apps.googleusercontent.com",
          "client_type": 3
        },
        {
          "client_id": "226701179860-0fgoueigvgi135s3diamg6pls2r7vjat.apps.googleusercontent.com",
          "client_type": 3
        },
        {
          "client_id": "226701179860-tg78pim5r2t10udfs2gag6s755kbho23.apps.googleusercontent.com",
          "client_type": 1,
          "android_info": {
            "package_name": "com.cray.software.justreminder",
            "certificate_hash": "954a08243af9dda10e5daa1e24cdf752ab6e8f68"
          }
        },
        {
          "client_id": "226701179860-g5ttnpap4q5ea69dq63ctqp874u8r46g.apps.googleusercontent.com",
          "client_type": 3
        }
      ],
      "api_key": [
        {
          "current_key": "AIzaSyDX7D-K7iVFaUer91QkYlp1GK3zeMBW_dY"
        }
      ],
      "services": {
        "analytics_service": {
          "status": 2,
          "analytics_property": {
            "tracking_id": "UA-72206185-2"
          }
        },
        "appinvite_service": {
          "status": 2,
          "other_platform_oauth_client": [
            {
              "client_id": "226701179860-840s1n27u3e34a25kvs5842ll141v7ir.apps.googleusercontent.com",
              "client_type": 3
            }
          ]
        },
        "ads_service": {
          "status": 2
        }
      }
    }
  ],
  "configuration_version": "1"
}